reference_url,page_family,section_or_interaction,proposed_local_route,content_source,required_assets,assigned_stage,status,verification_evidence,blocker
https://www.rolex.com/en-in,homepage,campaign hero and rotating media,/,original Venturo campaign copy; Rolex route as reference only,existing reference/demo images with provenance blocker; licensed hero still preferred,5,partial,"Local browser verified semantic image alt text, three matching catalog destinations, previous/next, tab selection, pause/play, no loader, and reduced-motion initial pause",inherited hero media licensing remains unresolved
https://www.rolex.com/en-in,homepage,featured campaign cards,/,original Venturo editorial cards,CC0 watchmaker context plus licensed editorial media,7,partial,"Local browser verified watchmaking entry copy, approach CTA, collection gateway and existing CC0 watchmaker integration",inherited story-card images remain provenance-blocked
https://www.rolex.com/en-in/watches,watch hub,all watches and accessories,/collection.html,original Venturo catalog with reference records labelled,licensed catalog imagery,8,partial,Local collection hub renders three canonical specification cards and a 15-family attributed reference map,full family media and additional Venturo records unavailable
https://www.rolex.com/en-in/watches/new-watches,new watches,annual release landing,/new-watches.html,original Venturo release data only,licensed campaign media,8,partial,Local route renders explicit incomplete state because no project introduction dates are documented,no approved release dates or campaign media
https://www.rolex.com/en-in/watches/find-rolex,finder,find your Rolex hub,/finder.html,original Venturo finder copy and demo records,filter UI and licensed thumbnails,8,partial,Local finder renders family-filtered canonical records and zero-result messaging,audience facets are not present in the canonical data
https://www.rolex.com/en-in/watches/find-rolex/man,finder,men filter state,/finder/?audience=men,derived from canonical Venturo catalog,licensed thumbnails,3,verified-reference,Live footer link Men's watches observed,catalog facet undefined
https://www.rolex.com/en-in/watches/find-rolex/woman,finder,women filter state,/finder/?audience=women,derived from canonical Venturo catalog,licensed thumbnails,3,verified-reference,Live footer link Women's watches observed,catalog facet undefined
https://www.rolex.com/en-in/watches/find-rolex/gold,finder,gold filter state,/finder/?material=gold,derived from canonical Venturo catalog,licensed thumbnails,3,verified-reference,Live footer link Gold watches observed,catalog facet undefined
https://www.rolex.com/en-in/watches/configure,configurator,watch configuration flow,/configure/,original Venturo configurator labels; demo only until data exists,configuration imagery and data,4,verified-reference,Live menu/footer link Configure your Rolex observed,no live purchase or real-time quote
https://www.rolex.com/en-in/accessories,accessories,accessories hub,/accessories.html,original Venturo accessories catalog or visibly unavailable,licensed accessories imagery,8,partial,Local route renders separate accessory records with unavailable status and no watch specifications,approved accessory suppliers and imagery unavailable
https://www.rolex.com/en-in/watches/air-king,watch family,Air-King family landing,/watches/air-king/,Rolex reference attribution plus Venturo equivalent type,licensed or original family media,3,verified-reference,Live footer model link observed,Rolex data must not become Venturo product
https://www.rolex.com/en-in/watches/air-king,watch family,Air-King family landing,/air-king.html,Rolex reference page observed in browser; original Venturo framing,new wide-format user-provided Air-King photograph; rights pending,12,verified-local-route,"Browser verified the image directly beneath the Air-King Oyster 40 mm text, attributed Oyster 40 mm/Oystersteel description, and finder/configurator/detail links",exact current model reference and independently verified image license unavailable
https://www.rolex.com/en-in/watches/air-king,variant detail,Air-King Oyster 40 mm attributed detail,/watch.html?product=airking,Rolex reference data only; no Venturo inventory,user-provided Air-King photograph; rights pending,12,verified-local-route,"Browser verified canonical airking selection, supplied image, reversible desktop scroll activation, reduced-motion fallback, reference-only action state and no purchase CTA",exact model reference, official price, independently verified image license and complete variant data unavailable
https://www.rolex.com/en-in/watches/cosmograph-daytona,watch family,Cosmograph Daytona family landing,/cosmograph-daytona.html,"Rolex India overview/features/motorsport history, with original Venturo framing",CC BY-SA 4.0 126528LN family-context photograph and original chronograph schematic; exact-variant photography blocked; user-supplied family hero only (exact reference unverified),12-02,verified-local-route,"Restart verification 8 October 2026: five exact-reference cards expose source date 2026-10-08, five matching detail links, six related links, credited hero image, chronograph/motorsport sections, keyboard focus, reduced motion, no phone overflow; retained desktop and phone captures in scratch/stage12-03-daytona-desktop.png and scratch/stage12-03-daytona-phone.png Follow-up 2026-10-10: supplied family hero integrated in matching page; Datejust-style reversible desktop scroll and phone static flow visually checked, with family navigation and source-backed card content retained.",exact-variant model photography unavailable
https://www.rolex.com/en-in/watches/datejust,watch family,Datejust family landing,/finder.html?family=Datejust,Rolex reference attribution; existing demo record,licensed or original family media,8,partial,Family hub and finder link to the two Datejust project records,existing catalog is demo-reference data
https://www.rolex.com/en-in/watches/lady-datejust,watch family,Lady-Datejust family landing,/lady-datejust.html,Rolex India family overview/features/story/all-models and four current model pages; reference-only attribution,User-supplied 1672x941 family image; exact-reference imagery remains unverified,12-03,verified-local-route,"Follow-up 9 Oct 2026: user image loaded in landing and all four shared detail heroes, clearly labelled family context; cards remain text-led. Browser checked at 1440x900 and 390x844 with no horizontal overflow; selected detail reference preserved.",Image model/reference identity is unverified; exact photos for the four sampled records remain unavailable
https://www.rolex.com/en-in/watches/lady-datejust/m279160-0013,variant detail,Lady-Datejust Oystersteel pink Jubilee reference 279160,/watch.html?product=lady-datejust-279160,Rolex model page m279160-0013 checked 2026-10-09; reference-only,Exact-model photograph unavailable; historical family context image is separately captioned,12-03,verified-local-route,Card click and direct deep link select canonical lady-datejust-279160 and show reference 279160; exact-model placeholder; no price or purchase controls.,Exact-model photograph unavailable
https://www.rolex.com/en-in/watches/lady-datejust/m279174-0020,variant detail,Lady-Datejust White Rolesor white Oyster reference 279174,/watch.html?product=lady-datejust-279174,Rolex model page m279174-0020 checked 2026-10-09; reference-only,Exact-model photograph unavailable; historical family context image is separately captioned,12-03,verified-local-route,Card click and direct deep link select canonical lady-datejust-279174 and show reference 279174; exact-model placeholder; no price or purchase controls.,Exact-model photograph unavailable
https://www.rolex.com/en-in/watches/lady-datejust/m279173-0007,variant detail,Lady-Datejust Yellow Rolesor silver diamond-set Jubilee reference 279173,/watch.html?product=lady-datejust-279173,Rolex model page m279173-0007 checked 2026-10-09; reference-only,Exact-model photograph unavailable; historical family context image is separately captioned,12-03,verified-local-route,Card click and direct deep link select canonical lady-datejust-279173 and show reference 279173; explorer preselection opens the matching route; no price or purchase controls.,Exact-model photograph unavailable
https://www.rolex.com/en-in/watches/lady-datejust/m279459rbr-0001,variant detail,Lady-Datejust 18 ct white gold diamond-set President reference 279459RBR,/watch.html?product=lady-datejust-279459rbr,Rolex model page m279459rbr-0001 checked 2026-10-09; reference-only,Exact-model photograph unavailable; historical family context image is separately captioned,12-03,verified-local-route,Card click and direct deep link select canonical lady-datejust-279459rbr and show reference 279459RBR; exact-model placeholder; no price or purchase controls.,Exact-model photograph unavailable
https://www.rolex.com/en-in/watches/lady-datejust/all-models,finder,Lady-Datejust reference finder,/finder.html?family=Lady-Datejust,Four sampled Rolex records from the current model listing; no inventory claim,Text-led cards and explicit exact-model photo placeholders,12-03,verified-local-route,Local finder renders four references with matching detail routes and favourites; label states Rolex reference records.,Only four of 56 official listings sampled; exact-model photographs unavailable
https://www.rolex.com/en-in/watches/lady-datejust/all-models,configurator,Lady-Datejust text-only reference explorer,/configure.html?family=lady-datejust,Four verified Rolex reference records; local selection only,No variant imagery or price simulation,12-03,verified-local-route,Browser verified query preselects 279173; selector lists four verified records and its action opens the selected local detail route.,Visual option configuration unavailable because matching variant media is not sourced
https://www.rolex.com/en-in/watches/day-date,watch family,Day-Date family landing,/finder.html?family=Day-Date,Rolex reference attribution; existing demo record,licensed or original family media,8,partial,Family hub and finder link to the Day-Date project record,existing catalog is demo-reference data
https://www.rolex.com/en-in/watches/day-date,variant detail,Day-Date 40 Everose detail route,/watch.html?product=daydate,Rolex reference attribution; current project record,hero2 and related media remain blocked,10,verified-local-route,"Browser verified the runtime title, product identity, Day-Date 40 Everose text, cart/wishlist IDs, and direct route for the local daydate record",exact reference, pricing and image permission remain user-facing blockers
https://www.rolex.com/en-in/watches/explorer,watch family,Explorer family landing,/watches/explorer/,Rolex reference attribution plus Venturo equivalent type,licensed or original family media,3,verified-reference,Live footer model link observed,same attribution constraint
https://www.rolex.com/en-in/watches/explorer-ii,watch family,Explorer II family landing,/watches/explorer-ii/,Rolex reference attribution plus Venturo equivalent type,licensed or original family media,3,verified-reference,Live footer model link observed,same attribution constraint
https://www.rolex.com/en-in/watches/land-dweller,family,Land-Dweller reference family landing,/land-dweller.html,Rolex India overview and features reviewed 2026-10-10,CC BY-SA 4.0 family-context dial detail plus original abstract card motif; user-supplied family hero only (exact reference unverified),12-07,verified-local-route,"Browser verified image attribution, ten model cards, desktop/mobile layout, finder/configurator links Follow-up 2026-10-10: supplied family hero integrated in matching page; Datejust-style reversible desktop scroll and phone static flow visually checked, with family navigation and source-backed card content retained.",exact-reference photography unavailable
https://www.rolex.com/en-in/watches/land-dweller/m127334-0001,variant detail,Land-Dweller 40 ref. 127334 Oystersteel and white gold,/watch.html?product=land-dweller-127334,Rolex model page and brochure checked 2026-10-10,Family-context image only; no exact model image,12-07,verified-local-route,Deep link selected ref. 127334 and matched dial/case/bracelet text,exact-reference photograph unavailable
https://www.rolex.com/en-in/watches/land-dweller/m127336-0001,variant detail,Land-Dweller 40 ref. 127336 platinum,/watch.html?product=land-dweller-127336,Rolex all-models route observed 2026-10-10,no model-specific photo,12-07,verified-local-route,Browser opened canonical route and confirmed selected reference/title across ten card links; shared family-context image is explicitly marked unverified,exact-reference photography unavailable
https://www.rolex.com/en-in/watches/land-dweller/m127286tbr-0001,variant detail,Land-Dweller 36 ref. 127286TBR platinum and diamonds,/watch.html?product=land-dweller-127286tbr,Rolex all-models route observed 2026-10-10,no model-specific photo,12-07,verified-local-route,Browser opened canonical route and confirmed selected reference/title across ten card links; shared family-context image is explicitly marked unverified,exact-reference photography unavailable
https://www.rolex.com/en-in/watches/land-dweller/m127335-0001,variant detail,Land-Dweller 40 ref. 127335 Everose,/watch.html?product=land-dweller-127335,Rolex all-models route observed 2026-10-10,no model-specific photo,12-07,verified-local-route,Browser opened canonical route and confirmed selected reference/title across ten card links; shared family-context image is explicitly marked unverified,exact-reference photography unavailable
https://www.rolex.com/en-in/watches/land-dweller/m127285tbr-0002,variant detail,Land-Dweller 36 ref. 127285TBR Everose and diamonds,/watch.html?product=land-dweller-127285tbr,Rolex all-models route observed 2026-10-10,no model-specific photo,12-07,verified-local-route,Browser opened canonical route and confirmed selected reference/title across ten card links; shared family-context image is explicitly marked unverified,exact-reference photography unavailable
https://www.rolex.com/en-in/watches/land-dweller/m127234-0001,variant detail,Land-Dweller 36 ref. 127234 Oystersteel and white gold,/watch.html?product=land-dweller-127234,Rolex model page and brochure checked 2026-10-10,Family-context image only; no exact model image,12-07,verified-local-route,Deep link selected ref. 127234 and matched 36 mm details; selector deep link,exact-reference photograph unavailable
https://www.rolex.com/en-in/watches/land-dweller/m127235-0001,variant detail,Land-Dweller 36 ref. 127235 Everose,/watch.html?product=land-dweller-127235,Rolex all-models route observed 2026-10-10,no model-specific photo,12-07,verified-local-route,Browser opened canonical route and confirmed selected reference/title across ten card links; shared family-context image is explicitly marked unverified,exact-reference photography unavailable
https://www.rolex.com/en-in/watches/land-dweller/m127386tbr-0001,variant detail,Land-Dweller 40 ref. 127386TBR platinum and diamonds,/watch.html?product=land-dweller-127386tbr,Rolex all-models route observed 2026-10-10,no model-specific photo,12-07,verified-local-route,Browser opened canonical route and confirmed selected reference/title across ten card links; shared family-context image is explicitly marked unverified,exact-reference photography unavailable
https://www.rolex.com/en-in/watches/land-dweller/m127236-0001,variant detail,Land-Dweller 36 ref. 127236 platinum,/watch.html?product=land-dweller-127236,Rolex all-models route observed 2026-10-10,no model-specific photo,12-07,verified-local-route,Browser opened canonical route and confirmed selected reference/title across ten card links; shared family-context image is explicitly marked unverified,exact-reference photography unavailable
https://www.rolex.com/en-in/watches/land-dweller/m127385tbr-0003,variant detail,Land-Dweller 40 ref. 127385TBR Everose and diamonds,/watch.html?product=land-dweller-127385tbr,Rolex all-models route observed 2026-10-10,no model-specific photo,12-07,verified-local-route,Browser opened canonical route and confirmed selected reference/title across ten card links; shared family-context image is explicitly marked unverified,exact-reference photography unavailable
https://www.rolex.com/en-in/watches/land-dweller/all-models,finder,Land-Dweller local finder,/finder.html?family=Land-Dweller,Rolex India All models route and canonical records,Text-only model records,12-07,verified-local-route,Finder returns ten records for Land-Dweller family,no blockers
https://www.rolex.com/en-in/watches/land-dweller/all-models,configurator,Land-Dweller local reference selector,/configure.html?family=land-dweller,Text-only selector based on source-listed references,no model imagery switching,12-07,verified-local-route,Query preselect and change behavior checked; opens matching reference detail,no blockers
https://www.rolex.com/en-in/watches/oyster-perpetual,watch family,Oyster Perpetual family landing,/oyster-perpetual.html,Rolex-attributed reference research and original Venturo copy,Commons CC BY-SA family-context photo plus original schematic; user-supplied family hero only (exact reference unverified),12,verified-local-route,"Local family page added; Rolex overview/features/story/all-models routes checked 10 October 2026 Follow-up 2026-10-10: supplied family hero integrated in matching page; Datejust-style reversible desktop scroll and phone static flow visually checked, with family navigation and source-backed card content retained.",Exact-current-reference photography remains unavailable
https://www.rolex.com/en-in/watches/sea-dweller,watch family,Sea-Dweller family landing,/watches/sea-dweller/,Rolex reference attribution; existing demo record,licensed or original family media,3,verified-reference,Live footer model link observed; local JSON has seadweller,existing catalog is Rolex-named demo data
https://www.rolex.com/en-in/watches/deepsea,watch family,Deepsea family landing,/watches/deepsea/,Rolex reference attribution plus Venturo equivalent type,licensed or original family media,3,verified-reference,Live footer model link observed,same attribution constraint
https://www.rolex.com/en-in/watches/sky-dweller,watch family,Sky-Dweller family landing,/watches/sky-dweller/,Rolex reference attribution; existing demo record,licensed or original family media,3,verified-reference,Live footer model link observed; local JSON has skydweller,existing catalog is Rolex-named demo data
https://www.rolex.com/en-in/watches/submariner,watch family,Submariner family landing,/watches/submariner/,Rolex reference attribution plus Venturo equivalent type,licensed or original family media,3,verified-reference,Live footer model link observed,same attribution constraint
https://www.rolex.com/en-in/watches/yacht-master,watch family,Yacht-Master family landing,/watches/yacht-master/,Rolex reference attribution plus Venturo equivalent type,licensed or original family media,3,verified-reference,Live footer model link observed,same attribution constraint
https://www.rolex.com/en-in/watches/yacht-master-ii,watch family,Yacht-Master II family landing,/watches/yacht-master-ii/,Rolex reference attribution plus Venturo equivalent type,licensed or original family media,3,verified-reference,Live footer model link observed,same attribution constraint
https://www.rolex.com/en-in/watches/1908,watch family,1908 family landing,/watches/1908/,Rolex reference attribution plus Venturo equivalent type,licensed or original family media,3,verified-reference,Live footer model link observed,same attribution constraint
https://www.rolex.com/en-in/watches,variant details,variant selectors and detail states for every family,/watches/{family}/{variant}/,Rolex reference structure; Venturo variants only from canonical catalog,licensed or original variant media,3,not-visited,Family links were inventoried from the live footer but individual variant states were not opened,requires route-by-route browser verification and catalog data
https://www.rolex.com/en-in/watches/datejust,variant detail,Datejust configuration/detail states,/watch.html?product=datejust,canonical Venturo demo-reference record,hero4 provenance unknown,9,partial,"Local deep link rendered corrected Datejust 41 Mint Green record, one-photo desktop reveal, attributed context, specs, gallery, feature, related, cart, save and enquiry actions; phone/reduced-motion flow also rendered",demo catalog and image provenance remain blocked
https://www.rolex.com/en-in/watches/sky-dweller,variant detail,legacy compatibility state,/watch.html?product=skydweller,explicit alias to datejust-rose,hero3 provenance unknown,3,verified-local-route,Local deep link resolved to Datejust 36 Everose Rolesor without creating a second Sky-Dweller record,legacy alias intentionally is not a genuine Sky-Dweller record
https://www.rolex.com/en-in/watches/sea-dweller,variant detail,legacy compatibility state,/watch.html?product=seadweller,explicit alias to daydate,hero1 provenance unknown,3,verified-local-route,Local deep link resolved to Day-Date 40 Everose without creating a second Sea-Dweller record,legacy alias intentionally is not a genuine Sea-Dweller record
https://www.rolex.com/en-in/watchmaking/a-unique-approach,watchmaking,manufacturing approach,/watchmaking/,original Venturo watchmaking explanation; no invented history,CC0 watchmaker context plus local video with provenance blocker,6,partial,"Homepage story scene verified with video-first sequence, reversible card reveals, natural mobile flow, pause control and design-note links",no verified Venturo manufacturing facts; video and inherited card images remain provenance-blocked
https://www.rolex.com/en-in/watchmaking/features,watchmaking,anatomy hub,/watchmaking/features/,original educational content with reference attribution,original diagrams and licensed media,5,verified-reference,Live footer link Anatomy of a Rolex observed,technical claims require source review
https://www.rolex.com/en-in/watchmaking/features/cases/cyclops-lens,watchmaking feature,feature article child,/watchmaking/features/cyclops-lens/,Rolex reference article clearly attributed; equivalent Venturo feature only if factual,licensed educational imagery,5,verified-reference,Homepage campaign link Cyclops lens observed in live links,Rolex feature cannot be Venturo claim
https://www.rolex.com/en-in/oyster-story,oyster story,hub and interactive story,/stories/oyster/,Rolex reference attribution; original Venturo story equivalent,licensed film/stills or original art,5,verified-reference,Live footer link Oyster Story observed,film and stills licensing
https://www.rolex.com/en-in/oyster-story/oyster-film,oyster story,film child,/stories/oyster/film/,Rolex film reference only; no unlicensed embed/download,licensed video or visibly unavailable state,5,partial,Live footer link The film observed; inherited showcase video retained but provenance is blocked,video permission and hosting
https://www.rolex.com/en-in/about-rolex,about,About Rolex landing,/about/,Rolex source explicitly attributed; original Venturo about page only with supplied facts,licensed/about media,5,verified-reference,Live browser opened page and read body text,do not fabricate Venturo company history
https://www.rolex.com/en-in/about-rolex/behind-the-crown,about,behind the crown article,/about/behind-the-crown/,Rolex article attributed; Venturo equivalent only from approved copy,licensed portrait/editorial media,5,verified-reference,Live menu card and link observed,Rolex portrait licensing
https://www.rolex.com/en-in/about-rolex/history/1905-1919,history,history article child,/about/history/1905-1919/,Rolex history reference with attribution; no Venturo invention,licensed historical media,5,verified-reference,Live footer link History observed,historical facts and image rights
https://www.rolex.com/en-in/rolex-and-sports,sports and arts,sports hub,/sports/,Rolex partnership reference only; Venturo partnerships unavailable,licensed sports media or unavailable state,5,verified-reference,Live footer link Rolex and sports observed,do not invent affiliations or ambassadors
https://www.rolex.com/en-in/perpetual-initiatives/perpetual-arts,arts,Perpetual Arts hub,/arts/,Rolex partnership reference only; Venturo arts copy must be original,licensed arts media,5,verified-reference,Live footer link Perpetual Arts observed,do not invent affiliations
https://www.rolex.com/en-in/perpetual-arts/music/opera-national-paris,arts article,Opera national de Paris child,/arts/music/opera-national-paris/,Rolex reference article attributed,licensed editorial media,5,verified-reference,Live homepage link observed,third-party rights and attribution
https://www.rolex.com/en-in/rolex-family,people and family,Rolex family hub,/people/,Rolex people/affiliations reference only,licensed portraits and biographies,5,verified-reference,Live footer link Discover the Rolex family observed,never call Rolex people Venturo ambassadors
https://www.rolex.com/en-in/rolex-family/arts/sonya-yoncheva,people article,individual profile child,/people/arts/sonya-yoncheva/,Rolex profile attributed,licensed portrait/editorial media,5,verified-reference,Live homepage link Sonya Yoncheva observed,person/image rights
https://www.rolex.com/en-in/buying-a-rolex/experiencing-a-rolex,buying,buying a Rolex guidance,/buying/,original Venturo informational copy; no checkout,original diagrams and noncommercial copy,6,verified-reference,Live footer link Buying a Rolex observed,no live purchase or pricing
https://www.rolex.com/en-in/buying-a-rolex/rolex-certified-pre-owned,buying,certified pre-owned,/buying/pre-owned/,Rolex program clearly attributed; Venturo program blocked without certification,licensed or unavailable state,6,verified-reference,Live footer link Rolex Certified Pre-Owned observed,do not claim certification
https://www.rolex.com/en-in/watch-care-and-service/our-servicing-philosophy,service,servicing philosophy,/service/servicing/,original Venturo care guidance only,original diagrams and approved technical facts,6,verified-reference,Live footer link Servicing your Rolex observed,no verified Venturo service network
https://www.rolex.com/en-in/watch-care-and-service/caring-for-your-rolex,service,care guide,/service/care/,original general care guidance with reference attribution,original diagrams,6,verified-reference,Live footer link Caring for your Rolex observed,avoid unsupported technical claims
https://www.rolex.com/en-in/watch-care-and-service/faq,service,FAQ,/service/faq/,original Venturo FAQ with unanswered items visibly unavailable,FAQ content and accessible accordion,6,verified-reference,Live menu/footer link Frequently asked questions observed,no approved answers yet
https://www.rolex.com/en-in/store-locator,retail,retailer locator,/retailers/,visibly unavailable until real Venturo locations supplied,map integration or unavailable state,6,verified-reference,Live header/menu/footer Store locator observed,do not fabricate stores
https://www.rolex.com/en-in/watch-care-and-service/service-locator,retail,service centre locator,/service-centres/,visibly unavailable until real centres supplied,map integration or unavailable state,6,verified-reference,Live footer link Service Centre locator observed,do not fabricate centres
https://www.rolex.com/en-in/contact,contact,contact route, /contact/,original Venturo contact policy; no external submission,accessible contact copy and optional local-only form,6,inferred-unverified,Source inspection found only a homepage contact anchor; no live Rolex contact route visited,form submission prohibited
https://www.rolex.com/en-in/media/wallpapers,media,wallpapers/downloads,/media/wallpapers/,original or licensed downloads only,licensed downloadable assets,6,blocked,Live footer link Wallpapers observed; no cleared wallpaper acquired,download rights and missing assets
https://www.rolex.com/en-in/media/brochures,media,brochures/downloads,/media/brochures/,original or licensed brochures only,licensed PDFs,6,verified-reference,Live footer link Brochures observed,no approved PDFs
https://www.rolex.com/en-in/media/user-guides,media,user guides/downloads,/media/user-guides/,original Venturo guides only,approved PDFs,6,verified-reference,Live footer link User guides observed,no product data or approved guides
https://www.rolex.com/en-in,search,global search overlay,/search/,original Venturo indexed content,search UI and local index,2,partial,Local search overlay opens and closes with Escape; focus return and menu exclusion verified on homepage,no reference search result state visited
https://www.rolex.com/en-in/wishlist,favourites,favourites list,/favourites/,original Venturo local-only saved records,localStorage UI,2,verified-reference,Live header Favourites link observed,no authentication/sync
https://www.rolex.com/en-in/watches/configure,configurator,save/share configuration,/configure/,original Venturo local-only state,share-safe URL and catalog data,4,verified-reference,Live menu/footer Configure your Rolex observed,no account or commerce integration
https://www.rolex.com/en-in,global navigation,main menu open/close and focus,/menu/,original Venturo navigation labels,accessible menu UI,2,partial,"Local menu opens on home, traps Tab focus, closes on Escape, returns focus, locks background and excludes search",pending destinations and full reference menu inventory
https://www.rolex.com/en-in/watches/datejust,model navigation,model subnavigation and variants,/watch.html?product=datejust#related,Rolex reference structure; Venturo catalog labels,model tabs and licensed imagery,9,partial,"Local detail route exposes Datejust 41, Day-Date 40 and Datejust 36 links plus related/story anchors",additional approved model content and imagery unavailable
https://www.rolex.com/en-in/watches/datejust,variant detail,Datejust 36 Everose Rolesor detail,/watch.html?product=datejust-rose,Rolex reference attribution; current project record,hero3 inherited reference image remains blocked,11,verified-local-route,"Browser verified Datejust 36 title, hero3 selection, dark dial/date-window/fluted-bezel copy, canonical cart and wishlist IDs, mobile natural flow, reduced-motion fallback, and skydweller compatibility alias",exact reference, exact case diameter/alloy match, official price and image permission remain unverified
https://www.rolex.com/en-in,footer,watch family footer links,/footer/,original Venturo footer with attributed references,footer icons and links,2,partial,"Local footer remains present across home, collection and detail; skip-to-footer link verified",no Venturo equivalent links yet
https://www.rolex.com/en-in,region and language,India region selector,/region/,original Venturo region notice; no fake locales,region selector UI,2,verified-reference,Live menu showed India and Change language,supported locales undecided
https://www.rolex.com/about-rolex,region and language,global language landing,/region/languages/,original Venturo language policy,localized copy only when supplied,2,verified-reference,Live language links extracted from footer,translation scope undecided
https://www.rolex.com/en-in,accessibility,skip links and accessible names,/accessibility/,original Venturo accessibility statement,accessible components and statement copy,2,partial,Local skip-to-content and skip-to-footer links plus visible focus styles verified on desktop and phone,statement content not supplied
https://www.rolex.com/en-in,accessibility,reduce motion toggle,/settings/accessibility#motion,original Venturo setting,documented reduced-motion CSS behavior,2,partial,Local prefers-reduced-motion fallback disables transitions and animation,no user toggle
https://www.rolex.com/en-in,accessibility,contrast toggle,/settings/accessibility#contrast,original Venturo setting,high-contrast theme,2,verified-reference,Live footer showed Contrast active,implementation scope not yet verified
https://www.rolex.com/en-in/legal-notices/terms-of-use,legal,terms of use,/legal/terms/,Venturo legal copy requires owner approval,approved legal text,6,verified-reference,Live footer Terms of use link observed,Venturo legal text not supplied
https://www.rolex.com/en-in/legal-notices/privacy-notice,legal,privacy notice,/legal/privacy/,Venturo privacy copy requires owner approval,approved privacy notice,6,verified-reference,Live footer Privacy notice link observed,Venturo legal text not supplied
https://www.rolex.com/en-in/legal-notices/cookies,legal,cookie notice,/legal/cookies/,Venturo cookie copy requires owner approval,consent UI only if needed,6,verified-reference,Live footer Cookies link observed,consent requirements unknown
https://www.rolex.com/en-in/about-rolex/sustainable-development/file-a-report,sustainability,reporting route,/sustainability/report/,Rolex sustainability route attributed; Venturo route unavailable until policy exists,approved policy and local-only contact,5,verified-reference,Live footer File a report observed,no external submission
https://www.rolex.com/en-in,planet and sustainability,sustainability/planet hub,/sustainability/,original Venturo sustainability content only from verified facts,licensed or original environmental media,5,inferred-unverified,"Live footer/menu inventory did not expose a Planet label; user requirement requests coverage,source scope needs confirmation",no verified Venturo sustainability facts
https://www.rolex.com/en-in/newsroom,media,newsroom external platform,/newsroom/,external Rolex platform clearly attributed; Venturo unavailable,external link only if approved,6,verified-reference,Live footer Our platforms Newsroom link observed,no Venturo newsroom
https://www.rolex.com/en-in,media,social channels,/social/,external Rolex channels clearly attributed,external links and icon labels,2,verified-reference,Live footer social channels extracted,do not imply Venturo affiliation
https://www.rolex.com/en-in,homepage,actual legal/footer route state,/legal/,original Venturo legal pages,approved legal content,7,partial,"Local browser verified homepage About and Contact anchors, collection continuation, footer transition and skip-to-footer target",legal copy not supplied
https://www.rolex.com/en-in/watches/cosmograph-daytona,variant detail,Cosmograph Daytona Oystersteel reference 126500LN,/watch.html?product=daytona-126500ln,Rolex model page m126500ln-0001; reference-only,Exact-variant photo unavailable; attributed 126528LN family-context hero plus original diagram,12-02,verified-local-route,"Browser verified canonical daytona-126500ln identity, attributed specs, family-context warning, schematic gallery and related links",exact-variant photograph unavailable
https://www.rolex.com/en-in/watches/cosmograph-daytona,variant detail,Cosmograph Daytona Yellow Gold reference 126518LN,/watch.html?product=daytona-126518ln,Rolex India model page m126518ln-0012; reference-only,Exact-variant photo unavailable; attributed 126528LN family-context hero plus original diagram,12-02,verified-local-route,"Browser verified canonical daytona-126518ln identity, attributed specs, family-context warning, schematic gallery and related links",exact-variant photograph unavailable
https://www.rolex.com/en-in/watches/cosmograph-daytona,variant detail,Cosmograph Daytona White Gold reference 126509,/watch.html?product=daytona-126509,Rolex model page m126509-0001; reference-only,Exact-variant photo unavailable; attributed 126528LN family-context hero plus original diagram,12-02,partial,Shared local detail layout displays the 126528LN family-context hero with a dynamic warning that 126509 is not shown,exact-variant photograph unavailable
https://www.rolex.com/en-in/watches/cosmograph-daytona,variant detail,Cosmograph Daytona Everose reference 126505,/watch.html?product=daytona-126505,Rolex India model page m126505-0005; reference-only,Exact-variant photo unavailable; attributed 126528LN family-context hero plus original diagram,12-02,partial,Shared local detail layout displays the 126528LN family-context hero with a dynamic warning that 126505 is not shown,exact-variant photograph unavailable
https://www.rolex.com/en-in/watches/cosmograph-daytona,variant detail,Cosmograph Daytona Platinum reference 126506,/watch.html?product=daytona-126506,Rolex India model page m126506-0001; reference-only,Exact-variant photo unavailable; attributed 126528LN family-context hero plus original diagram,12-02,partial,Shared local detail layout displays the 126528LN family-context hero with a dynamic warning that 126506 is not shown,exact-variant photograph unavailable
https://www.rolex.com/en-in/watches/find-rolex,finder,Cosmograph Daytona family filter,/finder.html?family=Cosmograph%20Daytona,Five Rolex reference records; no inventory claim,Text-only records; exact-variant images blocked,12-02,partial,Browser verified five Daytona references appear in the finder with local detail links and favourite entry points,exact-variant images unavailable
https://www.rolex.com/en-in/watches/configure,configurator,Cosmograph Daytona local reference explorer,/configure.html?family=cosmograph-daytona,"Local reference selection only; no quote, sale, or product imagery switch",No exact-variant images or configuration imagery,12-02,partial,Browser verified reference selector opens the selected 126506 detail route; unrelated generic configuration controls are hidden,exact-variant images unavailable; preference emulation not verified
https://www.rolex.com/en-in/watches/explorer,family,Explorer reference family landing,/explorer.html,"Rolex India overview, features, real-world laboratory story and all models; checked 2026-10-09",Licensed older Explorer 114270 archive context; exact current reference images unavailable,12-04,verified-local-route,"Local landing renders 3 reference-only cards, archive image attribution, Explorer vs Explorer II distinction, finder/configurator links",exact current model imagery unavailable
https://www.rolex.com/en-in/watches/explorer/m224270-0001,variant detail,Explorer 40 Oystersteel ref. 224270,/watch.html?product=explorer-224270,Rolex model page m224270-0001; checked 2026-10-09,Older-generation archive image labelled family history only,12-04,partial,Canonical ID and selected ref tested locally; exact current model photo blocked,exact current reference photography unavailable
https://www.rolex.com/en-in/watches/explorer/m124270-0001,variant detail,Explorer 36 Oystersteel ref. 124270,/watch.html?product=explorer-124270,Rolex model page m124270-0001; checked 2026-10-09,Older-generation archive image labelled family history only,12-04,partial,Canonical ID and selected ref tested locally; exact current model photo blocked,exact current reference photography unavailable
https://www.rolex.com/en-in/watches/explorer/m124273-0001,variant detail,Explorer 36 Yellow Rolesor ref. 124273,/watch.html?product=explorer-124273,Rolex model page m124273-0001; checked 2026-10-09,Older-generation archive image labelled family history only,12-04,partial,Canonical ID and selected ref tested locally; exact current model photo blocked,exact current reference photography unavailable
https://www.rolex.com/en-in/watches/find-rolex,finder,Explorer family finder,/finder.html?family=Explorer,Three Rolex reference records; no inventory claim,Text-led reference cards and favorites,12-04,partial,Local family filter verified for 3 reference records,exact current reference photos unavailable
https://www.rolex.com/en-in/watches/configure,configurator,Explorer local reference selector,/configure.html?family=explorer,"Text-only selection; no quote, sale or image configuration",No selectable variant imagery,12-04,partial,Local query preselection and selected detail link verified,exact current reference photos unavailable
https://www.rolex.com/en-in/watches/explorer,family,Explorer image-led family hero,/explorer.html,User-provided image used as family context only; exact reference unverified,User-provided 1672x941 image plus credited historical 114270 archive photo,12-04-follow-up,verified-local-route,"Browser reviewed image hero, family label, cards and phone layout; exact selected-model match is not claimed",exact current reference images remain unavailable
https://www.rolex.com/en-in/watches/explorer-ii,family,Explorer II reference family landing,/explorer-ii.html,"Rolex India overview, features, real-world laboratory story and all-model listing; checked 2026-10-09",User-supplied 952x755 hero image used as family context only (exact reference/dial unverified); original 24-hour function schematic; exact-reference Rolex product photos not cleared,12-05-follow-up,verified-local-route,"Local family page renders supplied image with unverified-reference caption, two 226570 dial cards, sourced history/features and finder/configurator/favourite entry points; desktop pinned zoom/story and phone natural-flow layouts reviewed",exact-current-reference photographs and persistent screenshot files unavailable
https://www.rolex.com/en-in/watches/explorer-ii/m226570-0001,variant detail,Explorer II 42 mm Oystersteel ref. 226570 white dial,/watch.html?product=explorer-ii-226570-white,Official Rolex model page m226570-0001 and technical accordions; checked 2026-10-09,Original 24-hour functional schematic only; not product photography,12-05,verified-local-route,"Deep link selects 226570 white dial and diagram; specs, Rolex attribution, local family/finder/configurator links verified",exact-reference photo unavailable
https://www.rolex.com/en-in/watches/explorer-ii/m226570-0002,variant detail,Explorer II 42 mm Oystersteel ref. 226570 black dial,/watch.html?product=explorer-ii-226570-black,Official Rolex model page m226570-0002 and technical accordions; checked 2026-10-09,Original 24-hour functional schematic only; not product photography,12-05,verified-local-route,"Deep link selects 226570 black dial and diagram; specs, Rolex attribution, local family/finder/configurator links verified",exact-reference photo unavailable
https://www.rolex.com/en-in/watches/find-rolex,finder,Explorer II family finder,/finder.html?family=Explorer%20II,Two Rolex reference records; no inventory claim,Text-led records with original function schematic,12-05,verified-local-route,Local family filter shows exactly 2 records and both matching reference details/favourites,exact-reference photos unavailable
https://www.rolex.com/en-in/watches/configure,configurator,Explorer II local reference selector,/configure.html?family=explorer-ii,"Local text-only selection; no quote, sale or image configuration",No selectable variant imagery,12-05,verified-local-route,Query preselects black dial; two choices switch selected reference summary and detail link without changing imagery; family reduced-motion CSS is present,exact-reference photos, browser reduced-motion emulation and persistent screenshot files unavailable
https://www.rolex.com/en-in/watches/gmt-master-ii,family,GMT-Master II reference family landing,/gmt-master-ii.html,"Rolex India overview, Features, Time zone to time zone and All models; checked 2026-10-09",Original function SVG plus exact 126713GRNR CC BY-SA 4.0 photo only on matching reference; user-supplied family hero only (exact reference unverified),12-06,verified-local-route,"Browser verified five source-linked cards, desktop and 390px phone layout without overflow, finder/configurator/favourites entry points and source attribution Follow-up 2026-10-10: supplied family hero integrated in matching page; Datejust-style reversible desktop scroll and phone static flow visually checked, with family navigation and source-backed card content retained.",matching photos unavailable for other references
https://www.rolex.com/en-in/watches/gmt-master-ii/m126710blnr-0002,variant detail,Rolex GMT-Master II 126710BLNR Jubilee,/watch.html?product=gmt-master-ii-126710blnr-jubilee,Rolex model page; checked 2026-10-09,Original explanatory schematic; no exact photo,12-06,verified-local-route,Canonical record/detail implemented; detail deep link selected 126710BLNR Jubilee; function schematic and source links verified,exact-reference photo unavailable
https://www.rolex.com/en-in/watches/gmt-master-ii/m126710blnr-0003,variant detail,Rolex GMT-Master II 126710BLNR Oyster,/watch.html?product=gmt-master-ii-126710blnr-oyster,Rolex model page; checked 2026-10-09,Original explanatory schematic; no exact photo,12-06,verified-local-route,Canonical record/detail implemented; detail deep link selected 126710BLNR Oyster; function schematic and source links verified,exact-reference photo unavailable
https://www.rolex.com/en-in/watches/gmt-master-ii/m126713grnr-0001,variant detail,Rolex GMT-Master II 126713GRNR Jubilee,/watch.html?product=gmt-master-ii-126713grnr-jubilee,Rolex model page; checked 2026-10-09,Exact model image by EMore98 under CC BY-SA 4.0 with attribution and source link,12-06,verified-local-route,Canonical record/detail and image attribution implemented; detail deep link selected 126713GRNR Jubilee; matching 1200px photograph loads with attribution and CC BY-SA 4.0 source link,none identified for reference image
https://www.rolex.com/en-in/watches/gmt-master-ii/m126711chnr-0002,variant detail,Rolex GMT-Master II 126711CHNR Oyster,/watch.html?product=gmt-master-ii-126711chnr-oyster,Rolex model page; checked 2026-10-09,Original explanatory schematic; no exact photo,12-06,verified-local-route,Canonical record/detail implemented; detail deep link selected 126711CHNR Oyster; schematic is labelled non-product and source links verified,exact-reference photo unavailable
https://www.rolex.com/en-in/watches/gmt-master-ii/m126720vtnr-0001,variant detail,Rolex GMT-Master II left-hand 126720VTNR Oyster,/watch.html?product=gmt-master-ii-126720vtnr-oyster,Rolex model page; checked 2026-10-09,Original explanatory schematic; no exact photo,12-06,verified-local-route,Canonical record/detail implemented; detail deep link selected left-hand 126720VTNR; schematic is labelled non-product and source links verified,exact-reference photo unavailable
https://www.rolex.com/en-in/watches/find-rolex,finder,GMT-Master II reference finder,/finder.html?family=GMT-Master%20II,Five Rolex model records; no Venturo inventory,Text-led except exact licensed 126713GRNR photo,12-06,verified-local-route,"Family filter implementation added; browser shows exactly five reference entries, each with correct detail destination and favourite entry",matching photos unavailable for four records
https://www.rolex.com/en-in/watches/configure,configurator,GMT-Master II local reference selector,/configure.html?family=gmt-master-ii,Text-only reference selector; no price or image configuration,No variant imagery switching,12-06,verified-local-route,"Query preselection and detail route implementation added; query preselected 126711CHNR, summary matched source record and detail link updated",none identified
https://www.rolex.com/en-in/watches/oyster-perpetual/m276200-0008,model reference,Oyster Perpetual 28 mm · ref. 276200,/watch.html?product=oyster-perpetual-276200,Rolex India model page; checked 2026-10-10,original function schematic; no exact variant image,12-08,verified-local-route,Official Rolex model page inspected 2026-10-10; exact reference/size/material/dial checked. Local deep link verified selects 276200; non-product date-free schematic and no-offer copy confirmed.,Exact-current-reference product photography with verified reuse permission unavailable; schematic is not a variant image
https://www.rolex.com/en-in/watches/oyster-perpetual/m277200-0012,model reference,Oyster Perpetual 31 mm · ref. 277200,/watch.html?product=oyster-perpetual-277200,Rolex India model page; checked 2026-10-10,original function schematic; no exact variant image,12-08,verified-local-route,Official Rolex model page inspected 2026-10-10; exact reference/size/material/dial checked. Local deep link verified selects 277200; non-product date-free schematic and no-offer copy confirmed.,Exact-current-reference product photography with verified reuse permission unavailable; schematic is not a variant image
https://www.rolex.com/en-in/watches/oyster-perpetual/m124200-0007,model reference,Oyster Perpetual 34 mm · ref. 124200,/watch.html?product=oyster-perpetual-124200,Rolex India model page; checked 2026-10-10,original function schematic; no exact variant image,12-08,verified-local-route,Official Rolex model page inspected 2026-10-10; exact reference/size/material/dial checked. Local deep link verified selects 124200; non-product date-free schematic and no-offer copy confirmed.,Exact-current-reference product photography with verified reuse permission unavailable; schematic is not a variant image
https://www.rolex.com/en-in/watches/oyster-perpetual/m126000-0016,model reference,Oyster Perpetual 36 mm · ref. 126000,/watch.html?product=oyster-perpetual-126000,Rolex India model page; checked 2026-10-10,original function schematic; no exact variant image,12-08,verified-local-route,Official Rolex model page inspected 2026-10-10; exact reference/size/material/dial checked. Local deep link verified selects 126000; non-product date-free schematic and no-offer copy confirmed.,Exact-current-reference product photography with verified reuse permission unavailable; schematic is not a variant image
https://www.rolex.com/en-in/watches/oyster-perpetual/m134303-0001,model reference,Oyster Perpetual 41 mm · ref. 134303,/watch.html?product=oyster-perpetual-134303,Rolex India model page; checked 2026-10-10,original function schematic; no exact variant image,12-08,verified-local-route,Official Rolex model page inspected 2026-10-10; exact reference/size/material/dial checked. Local deep link verified selects 134303; non-product date-free schematic and no-offer copy confirmed.,Exact-current-reference product photography with verified reuse permission unavailable; schematic is not a variant image
https://www.rolex.com/en-in/watches/oyster-perpetual/features,features,Oyster Perpetual features,/oyster-perpetual.html#features,Rolex India features page,original copy; no external assets,12-08,verified-reference,"Rolex Features page opened 2026-10-10; five sizes, three central hands, date-free design, Oyster case/bracelet and calibre distinctions reviewed.",
https://www.rolex.com/en-in/watches/oyster-perpetual/fulfilment-of-vision,history/story,Fulfilment of a vision,/oyster-perpetual.html#history,Rolex India family story,original editorial copy,12-08,verified-reference,"Rolex history story opened 2026-10-10; timeline confirms 1910 precision milestone, 1926 Oyster, 1931 Perpetual rotor, 2020 dial colors and 2026 centenary model.",
https://www.rolex.com/en-in/watches/oyster-perpetual/all-models,all models,Size/dial model finder,/oyster-perpetual.html#models,Rolex India all-models route,role-specific images not reused,12-08,verified-reference,Rolex All models opened 2026-10-10; five sizes represented by reviewed current references. Listing changes over time and contains additional variants.,The official model listing changes and contains many dial/material combinations beyond the five representative records
Venturo local catalog,finder,Oyster Perpetual finder results,/finder.html?family=Oyster%20Perpetual,Five sampled Rolex reference records,text-led cards and schematic where exact photo unavailable,12-08,verified-local-route,Browser filter returned five Oyster Perpetual records; all five detail destinations were verified. Favourites are available on cards; no inventory or price claim.,Exact variant photographs remain unavailable for reuse; cards remain text-led with an original schematic
Venturo local configurator,configurator,Text-only size/reference selector,/configure.html?family=oyster-perpetual,Five sampled Rolex reference records,No image switching,12-08,verified-local-route,"Text-only selector preselects URL reference; five options, source summary and selected detail link verified. Changing selection does not switch imagery.",Image configuration intentionally unavailable because exact variant photos are not cleared
https://www.rolex.com/en-in/watches/oyster-perpetual,family,Oyster Perpetual reference family landing,/oyster-perpetual.html,"Rolex India overview, Features, story and All models; checked 2026-10-10",Licensed ref. 124200 family-context photograph plus original date-free schematic; photo not mapped to selected variant; user-supplied family hero only (exact reference unverified),12-08,verified-local-route,"Desktop and phone layouts reviewed; five reference cards and detail routes verified; family/finder/configurator/related links work; keyboard skip link and favourites checked. Hero photo is clearly labeled as family context. Follow-up 2026-10-10: supplied family hero integrated in matching page; Datejust-style reversible desktop scroll and phone static flow visually checked, with family navigation and source-backed card content retained.",No cleared exact-current-reference photos for five sampled variants; screenshot capture reviewed inline but this browser tool exposes no persistent screenshot export
